eps,x0,計算回数,解,|f(x)|
1e-06,5,7,1.16590558,0.000e+00
1e-06,1.5,4,1.16590558,0.000e+00
1e-06,0,4,1.16590558,0.000e+00
