eps,x0,計算回数,解,|f(x)|
0.0001,2,4,1.16590558,6.324e-13
0.01,2,3,1.16590671,6.855e-06
1e-07,2,5,1.16590558,0.000e+00
