eps,x0,計算回数,解,|f(x)|
1e-06,0.9,7,1.53208889,0.000e+00
1e-06,2,5,1.53208889,4.874e-14
