eps,x0,計算回数,解,|f(x)|
1e-06,0.9,14,0.33766677,0.000e+00
1e-06,2,6,1.30748610,2.053e-13
